{"input_size": 25, "lr": 0.0013076292100542399, "hidden_size": 115, "num_layers": 3, "dropout": 0.31426795261920093}