{"input_size": 25, "lr": 0.005764698842814309, "hidden_size": 127, "num_layers": 3, "dropout": 0.4436100350438273}